{
  "Archiving :: Packaging": [
    "wheel"
  ],
  "Artificial Intelligence": [
    "huggingface-hub",
    "llama-index",
    "llama-index-core",
    "llama-index-legacy",
    "tokenizers"
  ],
  "Build Tools": [
    "pip",
    "poetry",
    "poetry-core"
  ],
  "Code Generators": [
    "astor",
    "llvmlite",
    "proto-plus"
  ],
  "Communications": [
    "coloredlogs",
    "humanfriendly",
    "pyasn1",
    "pyasn1_modules"
  ],
  "Compilers": [
    "numba",
    "pyparsing",
    "tree-sitter"
  ],
  "Cryptography": [
    "cryptography",
    "pyOpenSSL",
    "rsa"
  ],
  "Database": [
    "peewee"
  ],
  "Debuggers": [
    "debugpy",
    "stack-data"
  ],
  "Desktop Environment": [
    "tqdm"
  ],
  "Documentation": [
    "docutils",
    "mkdocs",
    "mkdocs-callouts"
  ],
  "Email :: Filters": [
    "Markdown"
  ],
  "Filters": [
    "Pygments"
  ],
  "Financial": [
    "yfinance"
  ],
  "Fonts": [
    "fonttools"
  ],
  "Front-Ends": [
    "alembic",
    "SQLAlchemy"
  ],
  "GIS": [
    "shapely"
  ],
  "Graphics": [
    "pikepdf",
    "Pillow",
    "psgfiglet",
    "pypdfium2",
    "PySimpleGUI"
  ],
  "Graphics :: Graphics Conversion": [
    "html2image"
  ],
  "Information Analysis": [
    "contourpy",
    "regex"
  ],
  "Installation/Setup": [
    "ansible-core"
  ],
  "Internet": [
    "fastapi",
    "filelock",
    "google-api-core",
    "google-cloud-aiplatform",
    "google-cloud-bigquery",
    "google-cloud-core",
    "google-cloud-resource-manager",
    "google-cloud-storage",
    "google-resumable-media",
    "grpc-google-iam-v1",
    "paramiko",
    "pydantic",
    "pytube",
    "scp",
    "websocket-client"
  ],
  "JSON": [
    "jiter",
    "jsonschema",
    "referencing"
  ],
  "JSON :: JSON Schema": [
    "jsonschema-specifications"
  ],
  "Libraries": [
    "aiohappyeyeballs",
    "aiosqlite",
    "async-timeout",
    "blessed",
    "Brotli",
    "click-option-group",
    "decorator",
    "diff-match-patch",
    "frozendict",
    "iniconfig",
    "intel-openmp",
    "jsonpatch",
    "jsonpointer",
    "mkl",
    "mmh3",
    "more-itertools",
    "multitasking",
    "pathlib",
    "pytest",
    "python-dateutil",
    "python-decouple",
    "python-editor",
    "questionary",
    "scipy",
    "six",
    "tabulate",
    "tbb",
    "virtualenv",
    "watchdog",
    "wcwidth"
  ],
  "Libraries :: Application Frameworks": [
    "fastapi-cli",
    "inquirer",
    "typer"
  ],
  "Libraries :: Python Modules": [
    "aiohttp-client-cache",
    "annotated-types",
    "appdirs",
    "asttokens",
    "beautifulsoup4",
    "bracex",
    "cachetools",
    "chardet",
    "charset-normalizer",
    "cohere",
    "Deprecated",
    "dirtyjson",
    "distro",
    "email_validator",
    "fastavro",
    "fastjsonschema",
    "flatbuffers",
    "greenlet",
    "html5lib",
    "jedi",
    "jsonpickle",
    "markdown-it-py",
    "mdurl",
    "monotonic",
    "networkx",
    "oauthlib",
    "openai",
    "parso",
    "pathspec",
    "pkginfo",
    "platformdirs",
    "psutil",
    "pypdf",
    "PyPDF2",
    "PyPika",
    "python-multipart",
    "pytz",
    "PyYAML",
    "pyyaml_env_tag",
    "requests-cache",
    "resolvelib",
    "ruamel.yaml",
    "ruff",
    "setuptools",
    "shellingham",
    "tomli",
    "watchfiles",
    "wcmatch",
    "wget"
  ],
  "Markup :: HTML": [
    "lxml"
  ],
  "Markup :: XML": [
    "defusedxml",
    "xmltodict"
  ],
  "Mathematics": [
    "mpmath"
  ],
  "Multimedia": [
    "moviepy"
  ],
  "Name Service (DNS)": [
    "dnspython",
    "idna"
  ],
  "Networking": [
    "pyzmq"
  ],
  "Scientific/Engineering": [
    "joblib",
    "nltk",
    "onnxruntime",
    "pandas",
    "pysbd",
    "sympy",
    "torch"
  ],
  "Security": [
    "semgrep"
  ],
  "Shells": [
    "ipython"
  ],
  "Software Development": [
    "argcomplete",
    "cleo",
    "distlib",
    "docker",
    "mypy",
    "mypy-extensions",
    "numpy",
    "pexpect",
    "prompt-toolkit",
    "PyGithub",
    "readchar",
    "typing_extensions",
    "typing-inspect",
    "yamllint",
    "yaspin"
  ],
  "Sound/Audio": [
    "pydub",
    "sounddevice",
    "soundfile"
  ],
  "Sphinx": [
    "docstring_parser"
  ],
  "Systems Administration": [
    "ansible-compat",
    "enrich",
    "molecule",
    "python-dotenv",
    "subprocess-tee"
  ],
  "Terminals": [
    "colorama",
    "jinxed",
    "ptyprocess",
    "termcolor"
  ],
  "Testing": [
    "pluggy",
    "portalocker"
  ],
  "Text Processing": [
    "pdfminer.six",
    "pyfiglet"
  ],
  "Uncategorized": [
    "agentops",
    "aiosignal",
    "anyio",
    "archspec",
    "attrs",
    "auth0-python",
    "backports.tarfile",
    "bcrypt",
    "boto3",
    "botocore",
    "bs4",
    "build",
    "cattrs",
    "certifi",
    "cffi",
    "chromadb",
    "chroma-hnswlib",
    "click",
    "click-completion",
    "click-help-colors",
    "codemapper",
    "comm",
    "conda",
    "conda-content-trust",
    "conda-libmamba-solver",
    "conda-package-handling",
    "conda_package_streaming",
    "ConfigArgParse",
    "crashtest",
    "crontab",
    "cycler",
    "dataclasses-json",
    "diskcache",
    "docker-shell",
    "durationpy",
    "embedchain",
    "executing",
    "ffmpeg",
    "frozenlist",
    "fsspec",
    "ghp-import",
    "gitdb",
    "GitPython",
    "git-filter-repo",
    "git-python",
    "googleapis-common-protos",
    "google-crc32c",
    "gptcache",
    "grep-ast",
    "grpcio",
    "grpcio-status",
    "grpcio-tools",
    "h2",
    "hpack",
    "httptools",
    "httpx-sse",
    "hyperframe",
    "imageio",
    "imageio-ffmpeg",
    "importlib-metadata",
    "importlib_resources",
    "installer",
    "instructor",
    "ipykernel",
    "itsdangerous",
    "jaraco.classes",
    "jaraco.context",
    "jaraco.functools",
    "jmespath",
    "jsonref",
    "json_repair",
    "jupyter_client",
    "jupyter_core",
    "keyring",
    "kiwisolver",
    "langchain",
    "langchain-cohere",
    "langchain-community",
    "langchain-core",
    "langchain-experimental",
    "langchain-openai",
    "langchain-text-splitters",
    "langsmith",
    "libmambapy",
    "litellm",
    "llama-cloud",
    "llama-index-agent-openai",
    "llama-index-cli",
    "llama-index-embeddings-openai",
    "llama-index-indices-managed-llama-cloud",
    "llama-index-llms-openai",
    "llama-index-multi-modal-llms-openai",
    "llama-index-program-openai",
    "llama-index-question-gen-openai",
    "llama-index-readers-file",
    "llama-index-readers-llama-parse",
    "llama-parse",
    "marshmallow",
    "matplotlib-inline",
    "mem0ai",
    "menuinst",
    "mergedeep",
    "msgpack",
    "multidict",
    "nest-asyncio",
    "nh3",
    "ollama",
    "openai-whisper",
    "openbb",
    "openbb-benzinga",
    "openbb-bls",
    "openbb-cftc",
    "openbb-commodity",
    "openbb-core",
    "openbb-crypto",
    "openbb-currency",
    "openbb-derivatives",
    "openbb-econdb",
    "openbb-economy",
    "openbb-equity",
    "openbb-etf",
    "openbb-federal-reserve",
    "openbb-fixedincome",
    "openbb-fmp",
    "openbb-fred",
    "openbb-index",
    "openbb-intrinio",
    "openbb-news",
    "openbb-oecd",
    "openbb-polygon",
    "openbb-regulators",
    "openbb-sec",
    "openbb-tiingo",
    "openbb-tradingeconomics",
    "openbb-yfinance",
    "opentelemetry-api",
    "opentelemetry-exporter-otlp-proto-common",
    "opentelemetry-exporter-otlp-proto-grpc",
    "opentelemetry-exporter-otlp-proto-http",
    "opentelemetry-instrumentation",
    "opentelemetry-instrumentation-asgi",
    "opentelemetry-instrumentation-fastapi",
    "opentelemetry-proto",
    "opentelemetry-sdk",
    "opentelemetry-semantic-conventions",
    "opentelemetry-util-http",
    "orjson",
    "overrides",
    "packaging",
    "parameterized",
    "pdf2image",
    "pdfplumber",
    "pipx",
    "poetry-plugin-export",
    "posthog",
    "proglog",
    "protobuf",
    "pulsar-client",
    "pure-eval",
    "pycparser",
    "pydantic_core",
    "PyNaCl",
    "pyproject_hooks",
    "pyreadline3",
    "PySocks",
    "pytesseract",
    "python-crontab",
    "python-lsp-jsonrpc",
    "pyvis",
    "pywin32",
    "pywin32-ctypes",
    "qdrant-client",
    "rapidfuzz",
    "readme_renderer",
    "requests-oauthlib",
    "requests-toolbelt",
    "rfc3986",
    "rich",
    "rpds-py",
    "s3transfer",
    "smmap",
    "sniffio",
    "spellcaster",
    "sseclient-py",
    "stashapp-tools",
    "striprtf",
    "tiktoken",
    "tokencost",
    "tokentrim",
    "toml",
    "tomlkit",
    "tornado",
    "traitlets",
    "tree-sitter-languages",
    "trove-classifiers",
    "truststore",
    "twine",
    "types-requests",
    "tzdata",
    "ujson",
    "url-normalize",
    "userpath",
    "uuid7",
    "websockets",
    "whisper",
    "wrapt",
    "zipp",
    "zstandard"
  ],
  "Utilities": [
    "ansicon",
    "boltons",
    "face",
    "glom",
    "kubernetes",
    "pycosat",
    "PyJWT",
    "PyMuPDF",
    "PyMuPDFb",
    "schema",
    "tenacity",
    "win-inet-pton"
  ],
  "Version Control": [
    "dulwich"
  ],
  "Visualization": [
    "matplotlib"
  ],
  "WWW/HTTP": [
    "aiohttp",
    "asgiref",
    "backoff",
    "CacheControl",
    "google-auth",
    "h11",
    "httpcore",
    "httpx",
    "requests",
    "starlette",
    "urllib3",
    "uvicorn",
    "webencodings",
    "yarl"
  ],
  "WWW/HTTP :: Dynamic Content": [
    "Jinja2",
    "Mako",
    "MarkupSafe",
    "soupsieve"
  ]
}
